IR quartile,n,FairRank wins,Win rate,95% CI low,95% CI high
Q1 (mild),10,8,0.8,0.49015684672072335,0.9433190520193067
Q2,10,8,0.8,0.49015684672072335,0.9433190520193067
Q3,10,9,0.9,0.5958436145024278,0.9821242504842788
Q4 (severe),10,9,0.9,0.5958436145024278,0.9821242504842788
