meta_learner,lodo_acc,baseline,vs_baseline,n_datasets
RandomForest,0.75,0.525,0.22499999999999998,40
SVM,0.725,0.525,0.19999999999999996,40
KNN-5,0.7,0.525,0.17499999999999993,40
LogisticReg,0.7,0.525,0.17499999999999993,40
GradientBoosting,0.625,0.525,0.09999999999999998,40
