meta_learner,lodo_acc,baseline,vs_baseline,n_datasets
RandomForest,0.575,0.425,0.14999999999999997,40
LogisticReg,0.55,0.425,0.12500000000000006,40
SVM,0.55,0.425,0.12500000000000006,40
KNN-5,0.525,0.425,0.10000000000000003,40
GradientBoosting,0.425,0.425,0.0,40
FairRankMC,0.025,0.425,-0.39999999999999997,40
FairRankMC-JKK,0.025,0.425,-0.39999999999999997,40
FairRankMC-LOO,0.025,0.425,-0.39999999999999997,40
