IR quartile,n,FairRank wins,Win rate,95% CI low,95% CI high
Q1 (mild),10,3,0.3,0.10778928748621183,0.6032267800204347
Q2,10,8,0.8,0.49015684672072335,0.9433190520193067
Q3,10,6,0.6,0.3126695474501864,0.8318224187964902
Q4 (severe),10,4,0.4,0.16817758120350967,0.6873304525498135
