meta_learner,lodo_acc,baseline,vs_baseline,n_datasets
LogisticReg,0.15,0.175,-0.024999999999999994,40
SVM,0.1,0.175,-0.07499999999999998,40
KNN-5,0.075,0.175,-0.09999999999999999,40
RandomForest,0.05,0.175,-0.12499999999999999,40
GradientBoosting,0.025,0.175,-0.15,40
