meta_learner,lodo_acc,baseline,vs_baseline,n_datasets
KNN-5,0.868421052631579,0.525,0.34342105263157896,38
LogisticReg,0.8421052631578947,0.525,0.31710526315789467,38
RandomForest,0.8421052631578947,0.525,0.31710526315789467,38
SVM,0.8421052631578947,0.525,0.31710526315789467,38
FairRankMC-JKK,0.8157894736842105,0.525,0.2907894736842105,38
FairRankMC,0.8157894736842105,0.525,0.2907894736842105,38
FairRankMC-LOO,0.8157894736842105,0.525,0.2907894736842105,38
GradientBoosting,0.7631578947368421,0.525,0.23815789473684212,38
