meta_learner,lodo_acc,baseline,vs_baseline,n_datasets
RandomForest,0.675,0.525,0.15000000000000002,40
KNN-5,0.625,0.525,0.09999999999999998,40
LogisticReg,0.625,0.525,0.09999999999999998,40
SVM,0.625,0.525,0.09999999999999998,40
GradientBoosting,0.575,0.525,0.04999999999999993,40
