meta_learner,lodo_acc,baseline,vs_baseline,n_datasets
GradientBoosting,0.7368421052631579,0.55,0.1868421052631578,38
LogisticReg,0.631578947368421,0.55,0.08157894736842097,38
FairRankMC-JKK,0.631578947368421,0.55,0.08157894736842097,38
FairRankMC,0.631578947368421,0.55,0.08157894736842097,38
FairRankMC-LOO,0.631578947368421,0.55,0.08157894736842097,38
RandomForest,0.6052631578947368,0.55,0.05526315789473679,38
SVM,0.5789473684210527,0.55,0.02894736842105261,38
KNN-5,0.5526315789473685,0.55,0.0026315789473684292,38
