algorithm,statistic,p_raw,p_corrected,significant
KNNAdaptiveEigen,3.0,2.1660708397295836e-07,1.9494637557566254e-06,True
KNNAdaptiveEntropy,10.0,2.5776898462299255e-07,2.0621518769839404e-06,True
DANN,46.0,1.5825473501063853e-06,1.1077831450744697e-05,True
SMOTE+KNN,46.0,1.5825473501063853e-06,9.495284100638312e-06,True
DANNAdaptive_entropy,49.0,1.948878935752746e-06,9.74439467876373e-06,True
KNNFairRank,84.0,3.254270191877577e-05,0.00013017080767510308,True
KNNBaseline,90.0,0.0001347181152656081,0.00040415434579682433,True
KNNAdaptiveTopo,53.0,0.0010854025603301046,0.0021708051206602093,True
KNNAdaptiveDualAnchor,135.0,0.0010900860312951454,0.0010900860312951454,True
