algorithm,statistic,p_raw,p_corrected,significant
KNNFairRankEnsemble,49.0,3.1241898199101946e-06,2.8117708379191753e-05,True
KNNOptK,121.0,0.0002965241648029851,0.002372193318423881,True
KNNFairRankJackknife,189.0,0.008484313822872002,0.059390196760104014,False
KNNFairRankCV,225.0,0.021302786454192136,0.12781671872515282,False
KNNWeighted,240.0,0.05841814092052771,0.29209070460263853,False
KNNFairRank,309.0,0.37245191976639547,1.0,False
KNNFairRankJointCV,322.0,0.481831196967895,1.0,False
KNNFairRankOptVotes,349.0,0.5672170285825553,1.0,False
KNNFairRankTopoJointBootstrap,358.0,0.6551928301317862,0.6551928301317862,False
