algorithm,statistic,p_raw,p_corrected,significant
SMOTE+KNN,46.0,1.5825473501063853e-06,9.495284100638312e-06,True
KNNWeighted,57.0,3.3677381729386115e-06,1.6838690864693057e-05,True
KNNFairRankCV,58.0,3.6030126246331043e-06,1.4412050498532417e-05,True
KNNFairRankMagnitude,95.0,3.842951755527104e-05,0.00011528855266581312,True
KNNFairRank,97.0,4.3358360720475016e-05,8.671672144095003e-05,True
KNNAdaptiveTopo,228.0,0.15416141025875302,0.15416141025875302,False
