algorithm,statistic,p_raw,p_corrected,significant
KNNFairRank,129.0,0.0002702607257632838,0.002432346531869554,True
KNNFairRankOptVotes,172.0,0.0023486394938546282,0.018789115950837026,True
KNNFairRankJackknife,196.0,0.0067839141974662355,0.04748739938226365,True
KNNWeighted,207.0,0.010656526918556173,0.06393916151133704,False
KNNFairRankTopoJointBootstrap,250.0,0.05073674080025537,0.2536837040012769,False
KNNFairRankEnsemble,271.0,0.09678481535416647,0.3871392614166659,False
KNNFairRankJointCV,309.0,0.2583267387701277,0.774980216310383,False
KNNFairRankCV,358.0,0.6551928301317862,1.0,False
KNNOptK,364.0,0.7167319204928477,0.7167319204928477,False
