algorithm,statistic,p_raw,p_corrected,significant
KNNWeighted,228.0,0.023777241730466296,0.21399517557419667,False
KNNFairRank,227.0,0.0374268990043922,0.2994151920351376,False
KNNAdaptiveTopo,139.0,0.14501397079599412,1.0,False
KNNFairRankOptVotes,293.0,0.17585291932352276,1.0,False
KNNFairRankJackknife,286.0,0.22040861954551505,1.0,False
KNNFairRankEnsemble,305.0,0.3421635461477247,1.0,False
SMOTE+KNN,324.0,0.35703483622212195,1.0,False
KNNFairRankJointCV,319.0,0.6239185944721397,1.0,False
KNNFairRankCV,360.0,0.8789709138832357,0.8789709138832357,False
