algorithm,statistic,p_raw,p_corrected,significant
KNNFairRankCV,12.0,5.751653269401829e-06,3.450991961641097e-05,True
SMOTE+KNN,132.0,0.0003177408881417711,0.0015887044407088555,True
KNNWeighted,172.0,0.0023486394938546282,0.009394557975418513,True
KNNAdaptiveTopo,229.0,0.04016266484752292,0.12048799454256875,False
KNNOptK,239.0,0.05651420999669288,0.11302841999338575,False
KNNFairRankMagnitude,252.0,0.08570187021781255,0.08570187021781255,False
