algorithm,statistic,p_raw,p_corrected,significant
KNNAdaptiveTopo,83.0,1.8341078384328097e-05,0.00011004647030596858,True
KNNFairRankMagnitude,85.0,2.078616054374645e-05,0.00010393080271873224,True
KNNOptK,148.0,0.0007325188365465017,0.002930075346186007,True
KNNFairRankCV,193.0,0.1179503013676697,0.35385090410300907,False
KNNWeighted,301.0,0.21423847520737893,0.42847695041475786,False
SMOTE+KNN,329.0,0.3946277869210123,0.3946277869210123,False
