algorithm,statistic,p_raw,p_corrected,significant
KNNOptK,48.0,1.818543694325663e-06,1.6366893248930967e-05,True
KNNAdaptiveTopo,53.0,2.5657464215444376e-06,2.05259713723555e-05,True
KNNFairRankJointCV,191.0,0.005485565360130885,0.038398957520916197,True
KNNFairRankEnsemble,238.0,0.033908366757956776,0.20345020054774066,False
KNNFairRankCV,240.0,0.0363268713375397,0.1816343566876985,False
KNNFairRankOptVotes,258.0,0.06546641411058962,0.2618656564423585,False
KNNFairRankJackknife,310.0,0.2642510247815373,0.7927530743446118,False
KNNWeighted,372.0,0.8016672445815889,1.0,False
KNNFairRank,376.0,0.845103323404058,0.845103323404058,False
