algorithm,statistic,p_raw,p_corrected,significant
KNNFairRankOptVotes,193.0,0.005975284534171051,0.05377756080753946,False
KNNFairRank,196.0,0.011385233189649228,0.09108186551719383,False
KNNFairRankTopoJointBootstrap,213.0,0.013509997239986951,0.09456998067990866,False
KNNFairRankJackknife,289.0,0.23723130750598986,1.0,False
KNNFairRankJointCV,319.0,0.32178087953675816,1.0,False
KNNFairRankEnsemble,313.0,0.4043481286764635,1.0,False
KNNWeighted,332.0,0.5766138649393062,1.0,False
KNNOptK,333.0,0.5865547889383025,1.0,False
KNNFairRankCV,335.0,0.6066712699901526,0.6066712699901526,False
