algorithm,statistic,p_raw,p_corrected,significant
KNNOptK,54.0,4.433091859772292e-06,3.989782673795063e-05,True
KNNWeighted,104.0,0.00011115454514708608,0.0008892363611766887,True
KNNFairRankCV,190.0,0.16644373380713584,1.0,False
KNNFairRankJackknife,262.0,0.2646572821729041,1.0,False
KNNFairRankOptVotes,323.0,0.3497961016569696,1.0,False
SMOTE+KNN,322.0,0.481831196967895,1.0,False
KNNFairRankTopoJointBootstrap,331.0,0.7571170186724527,1.0,False
KNNFairRankEnsemble,354.0,0.8108826197354344,1.0,False
KNNFairRankJointCV,370.0,0.9942144797702327,0.9942144797702327,False
