algorithm,statistic,p_raw,p_corrected,significant
KNNFairRankJointCV,22.0,1.0291104680287026e-06,9.261994212258324e-06,True
KNNFairRankEnsemble,37.0,1.3213933373156685e-06,1.0571146698525348e-05,True
KNNFairRankJackknife,49.0,3.1241898199101946e-06,2.186932873937136e-05,True
KNNFairRank,54.0,4.433091859772292e-06,2.6598551158633752e-05,True
KNNFairRankTopoJointBootstrap,59.0,6.2586178910579e-06,3.12930894552895e-05,True
KNNFairRankOptVotes,69.0,7.479904956602521e-06,2.9919619826410083e-05,True
SMOTE+KNN,48.0,7.551732796107439e-06,2.2655198388322316e-05,True
KNNFairRankCV,62.0,7.678696986782764e-06,1.5357393973565528e-05,True
KNNWeighted,216.0,0.025051893506570267,0.025051893506570267,True
