algorithm,statistic,p_raw,p_corrected,significant
KNNFairRankJointCV,28.0,4.378738931660163e-07,3.940865038494147e-06,True
SMOTE+KNN,46.0,1.5825473501063853e-06,1.2660378800851083e-05,True
KNNWeighted,57.0,3.3677381729386115e-06,2.357416721057028e-05,True
KNNFairRankCV,59.0,3.8540008422087675e-06,2.3124005053252607e-05,True
KNNFairRankEnsemble,67.0,6.5606956455468935e-06,3.280347822773447e-05,True
KNNFairRankOptVotes,76.0,1.176653664607353e-05,4.706614658429412e-05,True
KNNFairRankTopoJointBootstrap,71.0,1.4027418799761114e-05,4.2082256399283344e-05,True
KNNFairRankJackknife,91.0,3.0121690707513427e-05,6.0243381415026853e-05,True
KNNFairRank,101.0,5.507059291793959e-05,5.507059291793959e-05,True
