algorithm,statistic,p_raw,p_corrected,significant
KNNOptK,97.0,4.3358360720475016e-05,0.00039022524648427517,True
KNNFairRankJackknife,214.0,0.023231490556286972,0.18585192445029577,False
KNNFairRankOptVotes,230.0,0.02556215826980778,0.17893510788865444,False
KNNFairRankEnsemble,226.0,0.03611956834299531,0.21671741005797185,False
KNNFairRankJointCV,256.0,0.061488022717132974,0.30744011358566486,False
KNNFairRankCV,188.0,0.15528204380540125,0.621128175221605,False
KNNFairRankTopoJointBootstrap,303.0,0.3276276092306747,0.9828828276920241,False
SMOTE+KNN,371.0,0.7908977929599215,1.0,False
KNNWeighted,378.0,0.8670081380852879,0.8670081380852879,False
