algorithm,statistic,p_raw,p_corrected,significant
KNNFairRankEnsemble,40.0,1.0382366199823914e-06,9.344129579841522e-06,True
KNNFairRankJointCV,71.0,2.3192838382566235e-05,0.00018554270706052988,True
KNNFairRankCV,73.0,2.6511643208148734e-05,0.00018558150245704113,True
KNNFairRankJackknife,94.0,3.6169273288678294e-05,0.00021701563973206976,True
KNNWeighted,93.0,9.627024851875158e-05,0.0004813512425937579,True
KNNFairRankTopoJointBootstrap,130.0,0.00028529423230200447,0.0011411769292080179,True
SMOTE+KNN,121.0,0.0002965241648029851,0.0008895724944089553,True
KNNFairRank,142.0,0.0005384937914633668,0.0010769875829267335,True
KNNFairRankOptVotes,161.0,0.001394947157438282,0.001394947157438282,True
