algorithm,statistic,p_raw,p_corrected,significant
KNNFairRankEnsemble,11.0,1.8524247581425583e-07,1.6671822823283026e-06,True
KNNFairRankJackknife,12.0,2.0029258667266006e-07,1.6023406933812805e-06,True
KNNOptK,148.0,0.0007325188365465017,0.005127631855825512,True
KNNFairRankOptVotes,197.0,0.007074547978309022,0.04244728786985413,True
KNNFairRankCV,193.0,0.1179503013676697,0.5897515068383484,False
KNNWeighted,301.0,0.21423847520737893,0.8569539008295157,False
SMOTE+KNN,329.0,0.3946277869210123,1.0,False
KNNFairRankTopoJointBootstrap,341.0,0.4941046887693321,0.9882093775386642,False
KNNFairRankJointCV,375.0,0.8341945612473364,0.8341945612473364,False
