algorithm,statistic,p_raw,p_corrected,significant
KNNFairRankEnsemble,43.0,1.2829035257429277e-06,1.154613173168635e-05,True
KNNFairRankCV,80.0,1.5180742262039378e-05,0.00012144593809631502,True
KNNWeighted,97.0,4.3358360720475016e-05,0.0003035085250433251,True
KNNFairRankJointCV,99.0,4.888298750563231e-05,0.00029329792503379385,True
KNNFairRankJackknife,113.0,0.00011084621285702762,0.0005542310642851381,True
SMOTE+KNN,112.0,0.0001776556047316363,0.0007106224189265452,True
KNNFairRankTopoJointBootstrap,131.0,0.00030110851609128485,0.0009033255482738546,True
KNNFairRank,148.0,0.0007325188365465017,0.0014650376730930034,True
KNNFairRankOptVotes,158.0,0.001205567900359753,0.001205567900359753,True
