algorithm,statistic,p_raw,p_corrected,significant
KNNFairRankEnsemble,59.0,3.8540008422087675e-06,3.468600757987891e-05,True
KNNFairRankJointCV,71.0,2.3192838382566235e-05,0.00018554270706052988,True
KNNAdaptiveTopo,39.0,2.584840238540738e-05,0.00018093881669785166,True
KNNFairRankCV,73.0,2.6511643208148734e-05,0.0001590698592488924,True
KNNFairRankJackknife,94.0,3.6169273288678294e-05,0.00018084636644339147,True
KNNWeighted,93.0,9.627024851875158e-05,0.00038508099407500633,True
SMOTE+KNN,121.0,0.0002965241648029851,0.0008895724944089553,True
KNNFairRank,142.0,0.0005384937914633668,0.0010769875829267335,True
KNNFairRankOptVotes,161.0,0.001394947157438282,0.001394947157438282,True
