algorithm,statistic,p_raw,p_corrected,significant
KNNFairRankJointCV,20.0,2.4256997199515003e-07,2.18312974795635e-06,True
KNNFairRankEnsemble,41.0,1.1143216742305756e-06,8.914573393844605e-06,True
KNNFairRankCV,46.0,1.5825473501063853e-06,1.1077831450744697e-05,True
KNNFairRankJackknife,58.0,3.6030126246331043e-06,2.1618075747798627e-05,True
KNNFairRank,59.0,3.8540008422087675e-06,1.9270004211043837e-05,True
KNNFairRankTopoJointBootstrap,53.0,4.135125984465948e-06,1.6540503937863794e-05,True
SMOTE+KNN,53.0,4.135125984465948e-06,1.2405377953397844e-05,True
KNNFairRankOptVotes,67.0,6.5606956455468935e-06,1.3121391291093787e-05,True
KNNWeighted,187.0,0.004613292555908938,0.004613292555908938,True
