algorithm,statistic,p_raw,p_corrected,significant
KNNAdaptiveEntropy,17.0,4.503005083235166e-07,3.602404066588133e-06,True
KNNAdaptiveEigen,15.0,5.854293740229917e-07,4.0980056181609424e-06,True
DANN,41.0,1.1143216742305756e-06,6.685930045383454e-06,True
DANNAdaptive_entropy,44.0,1.3761418800233554e-06,6.8807094001167765e-06,True
KNNBaseline,179.0,0.015544914736301025,0.0621796589452041,False
KNNAdaptiveTopo,143.0,0.26909461796905,0.80728385390715,False
KNNAdaptiveDualAnchor,323.0,0.8751615065669858,1.0,False
SMOTE+KNN,380.0,0.8890155645931768,0.8890155645931768,False
