algorithm,statistic,p_raw,p_corrected,significant
KNNFairRankEnsemble,43.0,1.2829035257429277e-06,1.154613173168635e-05,True
KNNFairRankCV,79.0,1.4247989388878457e-05,0.00011398391511102765,True
KNNWeighted,96.0,4.082341038033245e-05,0.00028576387266232713,True
KNNFairRankJointCV,100.0,5.1889453322970705e-05,0.00031133671993782426,True
KNNFairRankJackknife,112.0,0.00010467595322852846,0.0005233797661426423,True
SMOTE+KNN,111.0,0.00016765864938591066,0.0006706345975436426,True
KNNFairRankTopoJointBootstrap,128.0,0.00025597223101101564,0.000767916693033047,True
KNNFairRank,146.0,0.0006615933130017194,0.0013231866260034388,True
KNNFairRankOptVotes,158.0,0.001205567900359753,0.001205567900359753,True
