algorithm,statistic,p_raw,p_corrected,significant
KNNAdaptiveEntropy,17.0,4.503005083235166e-07,4.05270457491165e-06,True
KNNAdaptiveEigen,15.0,5.854293740229917e-07,4.683434992183934e-06,True
DANN,41.0,1.1143216742305756e-06,7.80025171961403e-06,True
DANNAdaptive_entropy,44.0,1.3761418800233554e-06,8.256851280140133e-06,True
KNNAdaptiveDualAnchor,179.0,0.009257805034452329,0.04628902517226165,True
KNNBaseline,179.0,0.015544914736301025,0.0621796589452041,False
KNNAdaptiveTopo,143.0,0.26909461796905,0.80728385390715,False
KNNFairRank,311.0,0.3882004772051546,0.7764009544103092,False
SMOTE+KNN,380.0,0.8890155645931768,0.8890155645931768,False
