algorithm,statistic,p_raw,p_corrected,significant
KNNFairRankJackknife,32.0,9.15324964393168e-07,8.237924679538511e-06,True
KNNFairRankCV,43.0,3.58892343327423e-05,0.0002871138746619384,True
KNNFairRankJointCV,97.0,4.3358360720475016e-05,0.0003035085250433251,True
KNNFairRankEnsemble,89.0,4.457479622930852e-05,0.0002674487773758511,True
KNNFairRankTopoJointBootstrap,93.0,5.712524919507282e-05,0.0002856262459753641,True
KNNFairRankOptVotes,120.0,0.00016465995951623648,0.0006586398380649459,True
SMOTE+KNN,173.0,0.0024598708359235217,0.007379612507770565,True
KNNOptK,241.0,0.037590272911372895,0.07518054582274579,False
KNNWeighted,245.0,0.04302422963361127,0.04302422963361127,True
