algorithm,statistic,p_raw,p_corrected,significant
KNNFairRankJackknife,57.0,5.455484514343386e-06,4.909936062909048e-05,True
KNNFairRankCV,12.0,5.751653269401829e-06,4.601322615521463e-05,True
KNNFairRankJointCV,63.0,8.2170326907935e-06,5.7519228835554505e-05,True
KNNFairRankEnsemble,107.0,0.00013272332486413522,0.0007963399491848113,True
KNNFairRankOptVotes,129.0,0.0002702607257632838,0.001351303628816419,True
SMOTE+KNN,132.0,0.0003177408881417711,0.0012709635525670845,True
KNNWeighted,172.0,0.0023486394938546282,0.007045918481563884,True
KNNAdaptiveTopo,229.0,0.04016266484752292,0.08032532969504584,False
KNNOptK,239.0,0.05651420999669288,0.05651420999669288,False
