algorithm,statistic,p_raw,p_corrected,significant
KNNAdaptiveTopo,34.0,1.0607736075631979e-06,9.546962468068782e-06,True
KNNFairRankEnsemble,67.0,1.0753447514391709e-05,8.602758011513367e-05,True
KNNOptK,121.0,0.0002965241648029851,0.002075669153620896,True
KNNFairRankJackknife,189.0,0.008484313822872002,0.050905882937232014,False
KNNFairRankCV,225.0,0.021302786454192136,0.10651393227096068,False
KNNWeighted,240.0,0.05841814092052771,0.23367256368211084,False
KNNFairRank,309.0,0.37245191976639547,1.0,False
KNNFairRankJointCV,322.0,0.481831196967895,0.96366239393579,False
KNNFairRankOptVotes,349.0,0.5672170285825553,0.5672170285825553,False
