algorithm,statistic,p_raw,p_corrected,significant
KNNAdaptiveEigen,19.0,2.251149662459749e-07,1.3506897974758493e-06,True
KNNAdaptiveEntropy,62.0,2.9029241955217862e-06,1.451462097760893e-05,True
KNNAdaptiveDualAnchor,201.0,0.0017352069404712135,0.006940827761884854,True
KNNAdaptiveTopo,217.0,0.001993574874540787,0.005980724623622362,True
KNNOptK,268.0,0.02176625388282595,0.0435325077656519,True
SMOTE+KNN,364.0,0.08315982016842409,0.08315982016842409,False
