algorithm,statistic,p_raw,p_corrected,significant
KNNAdaptiveTopo,87.0,2.3539635173645345e-05,0.00014123781104187207,True
KNNFairRankMagnitude,87.0,2.3539635173645345e-05,0.00011769817586822673,True
KNNOptK,142.0,0.0005384937914633668,0.002153975165853467,True
KNNWeighted,283.0,0.13538882573328165,0.40616647719984494,False
KNNFairRankCV,189.0,0.2476009312007299,0.4952018624014598,False
SMOTE+KNN,309.0,0.37245191976639547,0.37245191976639547,False
