algorithm,statistic,p_raw,p_corrected,significant
KNNFairRankEnsemble,312.0,0.2763789204684136,1.0,False
KNNFairRankJointCV,312.0,0.2763789204684136,1.0,False
KNNFairRankOptVotes,330.0,0.40242402946578093,1.0,False
KNNWeighted,332.0,0.41829092183768823,1.0,False
KNNFairRank,348.0,0.5578016554206999,1.0,False
KNNFairRankCV,353.0,0.6056205089595192,1.0,False
KNNFairRankTopoJointBootstrap,344.0,0.7007484707769185,1.0,False
SMOTE+KNN,364.0,0.924898817339152,1.0,False
KNNFairRankJackknife,384.0,0.9332711142710908,0.9332711142710908,False
