algorithm,statistic,p_raw,p_corrected,significant
KNNFairRankJackknife,9.0,1.5835300386842945e-07,1.425177034815865e-06,True
KNNFairRankEnsemble,18.0,3.186777746432028e-07,2.5494221971456224e-06,True
KNNOptK,142.0,0.0005384937914633668,0.0037694565402435674,True
KNNFairRankOptVotes,221.0,0.01835416873306859,0.11012501239841153,False
KNNWeighted,283.0,0.13538882573328165,0.6769441286664082,False
KNNFairRankCV,189.0,0.2476009312007299,0.9904037248029196,False
SMOTE+KNN,309.0,0.37245191976639547,1.0,False
KNNFairRankJointCV,367.0,0.7482369509755721,1.0,False
KNNFairRankTopoJointBootstrap,388.0,0.9777339360258261,0.9777339360258261,False
