algorithm,statistic,p_raw,p_corrected,significant
KNNFairRankMagnitude,197.0,0.011864641634534113,0.07118784980720468,False
KNNWeighted,228.0,0.023777241730466296,0.11888620865233149,False
KNNFairRank,227.0,0.0374268990043922,0.1497075960175688,False
KNNAdaptiveTopo,139.0,0.14501397079599412,0.4350419123879824,False
SMOTE+KNN,324.0,0.35703483622212195,0.7140696724442439,False
KNNFairRankCV,360.0,0.8789709138832357,0.8789709138832357,False
