algorithm,statistic,p_raw,p_corrected,significant
KNNFairRankJackknife,9.0,1.5835300386842945e-07,1.425177034815865e-06,True
KNNFairRankEnsemble,47.0,2.7122759406037513e-06,2.169820752483001e-05,True
KNNAdaptiveTopo,87.0,2.3539635173645345e-05,0.00016477744621551743,True
KNNOptK,142.0,0.0005384937914633668,0.0032309627487802006,True
KNNFairRankOptVotes,221.0,0.01835416873306859,0.09177084366534294,False
KNNWeighted,283.0,0.13538882573328165,0.5415553029331266,False
KNNFairRankCV,189.0,0.2476009312007299,0.7428027936021897,False
SMOTE+KNN,309.0,0.37245191976639547,0.7449038395327909,False
KNNFairRankJointCV,367.0,0.7482369509755721,0.7482369509755721,False
