algorithm,statistic,p_raw,p_corrected,significant
KNNFairRank,174.0,0.0025759033582020297,0.023183130223818266,True
KNNWeighted,203.0,0.009065222504334279,0.07252178003467423,False
KNNFairRankEnsemble,246.0,0.04448204759100492,0.31137433313703444,False
KNNFairRankJointCV,259.0,0.06753383562798193,0.4052030137678916,False
KNNFairRankOptVotes,260.0,0.06965467718486189,0.34827338592430945,False
KNNFairRankJackknife,263.0,0.07634730378666967,0.30538921514667866,False
KNNFairRankCV,291.0,0.16711151489795728,0.5013345446938718,False
KNNFairRankTopoJointBootstrap,298.0,0.19919101229101888,0.39838202458203775,False
KNNOptK,332.0,0.41829092183768823,0.41829092183768823,False
