algorithm,statistic,p_raw,p_corrected,significant
KNNFairRankJointCV,28.0,4.378738931660163e-07,3.940865038494147e-06,True
SMOTE+KNN,46.0,1.5825473501063853e-06,1.2660378800851083e-05,True
KNNWeighted,57.0,3.3677381729386115e-06,2.357416721057028e-05,True
KNNFairRankCV,58.0,3.6030126246331043e-06,2.1618075747798627e-05,True
KNNFairRankEnsemble,66.0,6.1426370222514385e-06,3.071318511125719e-05,True
KNNFairRankOptVotes,75.0,1.1035314882427277e-05,4.414125952970911e-05,True
KNNFairRankTopoJointBootstrap,70.0,1.3129605716915048e-05,3.9388817150745144e-05,True
KNNFairRankJackknife,86.0,2.2122157920827866e-05,4.424431584165573e-05,True
KNNFairRank,97.0,4.3358360720475016e-05,4.3358360720475016e-05,True
