algorithm,statistic,p_raw,p_corrected,significant
KNNOptK,46.0,1.5825473501063853e-06,1.4242926150957468e-05,True
KNNFairRankJointCV,221.0,0.01835416873306859,0.1468333498645487,False
KNNFairRankEnsemble,238.0,0.033908366757956776,0.23735856730569743,False
KNNFairRankCV,280.0,0.12477160295031961,0.7486296177019176,False
KNNFairRankOptVotes,297.0,0.19435098047556754,0.9717549023778377,False
KNNWeighted,297.0,0.19435098047556754,0.7774039219022701,False
KNNFairRankJackknife,345.0,0.5300203787283981,1.0,False
KNNFairRankTopoJointBootstrap,370.0,0.7801681150836699,1.0,False
KNNFairRank,371.0,0.7908977929599215,0.7908977929599215,False
