algorithm,statistic,p_raw,p_corrected,significant
KNNFairRankMagnitude,229.0,0.04016266484752292,0.2409759890851375,False
KNNFairRank,239.0,0.05651420999669288,0.2825710499834644,False
KNNWeighted,329.0,0.3946277869210123,1.0,False
KNNAdaptiveTopo,173.0,0.49451667461355175,1.0,False
KNNFairRankCV,345.0,0.7115255318703854,1.0,False
SMOTE+KNN,386.0,0.9554852087213584,0.9554852087213584,False
