algorithm,statistic,p_raw,p_corrected,significant
KNNWeighted,225.0,0.021302786454192136,0.19172507808772923,False
KNNFairRank,240.0,0.0363268713375397,0.2906149707003176,False
KNNFairRankEnsemble,283.0,0.13538882573328165,0.9477217801329716,False
KNNFairRankOptVotes,290.0,0.16286517752772967,0.977191065166378,False
KNNFairRankJackknife,292.0,0.1714405122552194,0.857202561276097,False
KNNFairRankTopoJointBootstrap,286.0,0.22040861954551505,0.8816344781820602,False
SMOTE+KNN,332.0,0.41829092183768823,1.0,False
KNNFairRankCV,378.0,0.8670081380852879,1.0,False
KNNFairRankJointCV,386.0,0.9554852087213584,0.9554852087213584,False
