algorithm,statistic,p_raw,p_corrected,significant
KNNFairRankJointCV,296.0,0.18959781607831272,1.0,False
KNNFairRankEnsemble,303.0,0.22471533650341335,1.0,False
KNNFairRankCV,335.0,0.44276950312094654,1.0,False
KNNFairRankOptVotes,337.0,0.4595337043249743,1.0,False
SMOTE+KNN,333.0,0.5865547889383025,1.0,False
KNNFairRank,361.0,0.6857017623167498,1.0,False
KNNFairRankJackknife,366.0,0.7376854724154998,1.0,False
KNNWeighted,369.0,0.7694801456255036,1.0,False
KNNFairRankTopoJointBootstrap,360.0,0.8789709138832357,0.8789709138832357,False
