algorithm,statistic,p_raw,p_corrected,significant
KNNFairRankCV,20.0,1.2380795614564472e-05,7.428477368738683e-05,True
SMOTE+KNN,188.0,0.004818709017045311,0.024093545085226556,True
KNNOptK,227.0,0.0374268990043922,0.1497075960175688,False
KNNWeighted,250.0,0.05073674080025537,0.15221022240076612,False
KNNAdaptiveTopo,241.0,0.060375050361956256,0.12075010072391251,False
KNNFairRankMagnitude,248.0,0.0756458042190307,0.0756458042190307,False
