algorithm,statistic,p_raw,p_corrected,significant
KNNFairRankMagnitude,105.0,6.973901605661169e-05,0.00041843409633967015,True
KNNFairRank,129.0,0.0002702607257632838,0.001351303628816419,True
KNNWeighted,207.0,0.010656526918556173,0.04262610767422469,True
KNNAdaptiveTopo,345.0,0.5300203787283981,1.0,False
KNNFairRankCV,358.0,0.6551928301317862,1.0,False
KNNOptK,364.0,0.7167319204928477,0.7167319204928477,False
