algorithm,statistic,p_raw,p_corrected,significant
KNNFairRankJackknife,40.0,4.160514288483385e-06,3.7444628596350464e-05,True
KNNFairRankEnsemble,113.0,0.00018821109695503922,0.0015056887756403137,True
KNNFairRankJointCV,157.0,0.0019599439657044153,0.013719607759930908,True
KNNFairRankTopoJointBootstrap,199.0,0.021410937414803422,0.12846562448882054,False
SMOTE+KNN,227.0,0.0374268990043922,0.187134495021961,False
KNNWeighted,264.0,0.12246910079579823,0.4898764031831929,False
KNNFairRankCV,178.0,0.17013873841797622,0.5104162152539287,False
KNNFairRankOptVotes,306.0,0.24110881087790803,0.48221762175581606,False
KNNOptK,318.0,0.44643641559805525,0.44643641559805525,False
