algorithm,statistic,p_raw,p_corrected,significant
KNNFairRankJackknife,41.0,4.48611464239504e-06,4.037503178155536e-05,True
KNNFairRankEnsemble,125.0,0.00037041911089447744,0.0029633528871558196,True
KNNFairRankJointCV,137.0,0.0007084670289128829,0.00495926920239018,True
KNNFairRankTopoJointBootstrap,178.0,0.008858412574511943,0.05315047544707166,False
SMOTE+KNN,206.0,0.017050157149096808,0.08525078574548403,False
KNNWeighted,263.0,0.11899764992698451,0.47599059970793806,False
KNNFairRankOptVotes,293.0,0.17585291932352276,0.5275587579705683,False
KNNFairRankCV,192.0,0.1781981568668186,0.3563963137336372,False
KNNOptK,327.0,0.5281392663151494,0.5281392663151494,False
