algorithm,statistic,p_raw,p_corrected,significant
KNNFairRankCV,25.0,7.856900934829038e-06,4.7141405608974225e-05,True
SMOTE+KNN,129.0,0.0002702607257632838,0.001351303628816419,True
KNNWeighted,155.0,0.0010401903513192964,0.004160761405277186,True
KNNAdaptiveTopo,255.0,0.059575159084757114,0.17872547725427135,False
KNNOptK,261.0,0.07182989545928836,0.14365979091857672,False
KNNFairRankMagnitude,286.0,0.22040861954551505,0.22040861954551505,False
