algorithm,statistic,p_raw,p_corrected,significant
KNNAdaptiveTopo,79.0,2.363931532256878e-05,0.00021275383790311903,True
KNNOptK,84.0,3.254270191877577e-05,0.00026034161535020615,True
KNNFairRankJackknife,167.0,0.0031652845200996335,0.022156991640697433,True
KNNFairRankJointCV,190.0,0.008853477415938543,0.053120864495631255,False
KNNFairRankOptVotes,207.0,0.010656526918556173,0.05328263459278087,False
KNNFairRankCV,114.0,0.014795424247745142,0.05918169699098057,False
KNNFairRankEnsemble,228.0,0.03877428607316506,0.11632285821949519,False
KNNWeighted,368.0,0.7588357955262863,1.0,False
SMOTE+KNN,376.0,0.845103323404058,0.845103323404058,False
