algorithm,statistic,p_raw,p_corrected,significant
KNNOptK,48.0,1.818543694325663e-06,1.0911262165953978e-05,True
KNNAdaptiveTopo,53.0,2.5657464215444376e-06,1.2828732107722188e-05,True
KNNFairRankCV,240.0,0.0363268713375397,0.1453074853501588,False
KNNWeighted,372.0,0.8016672445815889,1.0,False
KNNFairRankMagnitude,373.0,0.8124745125861977,1.0,False
KNNFairRank,376.0,0.845103323404058,0.845103323404058,False
