algorithm,statistic,p_raw,p_corrected,significant
KNNAdaptiveTopo,34.0,1.0607736075631979e-06,6.364641645379187e-06,True
KNNFairRankMagnitude,42.0,1.1957575323083572e-06,5.978787661541786e-06,True
KNNOptK,121.0,0.0002965241648029851,0.0011860966592119404,True
KNNFairRankCV,225.0,0.021302786454192136,0.06390835936257641,False
KNNWeighted,240.0,0.05841814092052771,0.11683628184105542,False
KNNFairRank,309.0,0.37245191976639547,0.37245191976639547,False
