algorithm,statistic,p_raw,p_corrected,significant
KNNAdaptiveTopo,88.0,2.5043268756665798e-05,0.00015025961253999477,True
KNNOptK,97.0,4.3358360720475016e-05,0.00021679180360237508,True
KNNFairRankCV,188.0,0.15528204380540125,0.621128175221605,False
KNNFairRankMagnitude,273.0,0.15737015953167466,0.472110478595024,False
SMOTE+KNN,371.0,0.7908977929599215,1.0,False
KNNWeighted,378.0,0.8670081380852879,0.8670081380852879,False
