algorithm,statistic,p_raw,p_corrected,significant
KNNOptK,53.0,4.135125984465948e-06,3.7216133860193537e-05,True
KNNWeighted,59.0,6.2586178910579e-06,5.00689431284632e-05,True
KNNFairRankJointCV,252.0,0.05413063649743804,0.37891445548206626,False
KNNFairRankJackknife,309.0,0.37245191976639547,1.0,False
KNNFairRankEnsemble,312.0,0.39622463633690064,1.0,False
KNNFairRankOptVotes,337.0,0.4595337043249743,1.0,False
KNNFairRankTopoJointBootstrap,340.0,0.4853336182011502,1.0,False
KNNFairRank,326.0,0.5186995762757332,1.0,False
KNNFairRankCV,355.0,0.822146323371612,0.822146323371612,False
