algorithm,statistic,p_raw,p_corrected,significant
KNNFairRankTopoJointBootstrap,46.0,2.52638813593004e-06,2.273749322337036e-05,True
KNNFairRankJointCV,61.0,4.407167742928807e-06,3.525734194343046e-05,True
KNNFairRankJackknife,61.0,7.174180256251363e-06,5.0219261793759544e-05,True
KNNFairRankCV,25.0,7.856900934829038e-06,4.7141405608974225e-05,True
KNNFairRankEnsemble,95.0,6.45913992197603e-05,0.0003229569960988015,True
KNNFairRankOptVotes,109.0,8.805264159849038e-05,0.0003522105663939615,True
SMOTE+KNN,129.0,0.0002702607257632838,0.0008107821772898514,True
KNNWeighted,155.0,0.0010401903513192964,0.002080380702638593,True
KNNOptK,261.0,0.07182989545928836,0.07182989545928836,False
