algorithm,statistic,p_raw,p_corrected,significant
KNNFairRankOptVotes,324.0,0.35703483622212195,1.0,False
KNNFairRankJointCV,276.0,0.3705183851760585,1.0,False
KNNFairRankEnsemble,314.0,0.4125704544579236,1.0,False
KNNFairRank,327.0,0.5281392663151494,1.0,False
KNNFairRankTopoJointBootstrap,346.0,0.7223605452135442,1.0,False
KNNWeighted,351.0,0.7773344659789814,1.0,False
KNNFairRankJackknife,358.0,0.8561490233719683,1.0,False
SMOTE+KNN,323.0,0.8751615065669858,1.0,False
KNNFairRankCV,369.0,0.9826446560128709,0.9826446560128709,False
