algorithm,statistic,p_raw,p_corrected,significant
KNNFairRankOptVotes,222.0,0.01905569412074879,0.1715012470867391,False
KNNFairRank,227.0,0.0374268990043922,0.2994151920351376,False
KNNFairRankTopoJointBootstrap,244.0,0.06657419124108058,0.46601933868756407,False
KNNFairRankJointCV,259.0,0.2449989161927575,1.0,False
KNNFairRankCV,307.0,0.3571055075422551,1.0,False
KNNFairRankEnsemble,309.0,0.37245191976639547,1.0,False
KNNOptK,313.0,0.7533604100137411,1.0,False
KNNFairRankJackknife,351.0,0.7773344659789814,1.0,False
KNNWeighted,353.0,0.79965793513604,0.79965793513604,False
