algorithm,statistic,p_raw,p_corrected,significant
KNNFairRankMagnitude,99.0,4.888298750563231e-05,0.00029329792503379385,True
KNNFairRank,132.0,0.0003177408881417711,0.0015887044407088555,True
KNNWeighted,226.0,0.0221014606795395,0.088405842718158,False
KNNFairRankCV,351.0,0.5862729450395985,1.0,False
KNNAdaptiveTopo,372.0,0.8016672445815889,1.0,False
KNNOptK,386.0,0.9554852087213584,0.9554852087213584,False
