algorithm,statistic,p_raw,p_corrected,significant
KNNFairRankOptVotes,327.0,0.379311889670666,1.0,False
KNNFairRank,318.0,0.44643641559805525,1.0,False
KNNFairRankJointCV,285.0,0.4507846162481117,1.0,False
KNNFairRankEnsemble,321.0,0.47284198191004256,1.0,False
KNNFairRankTopoJointBootstrap,343.0,0.690031306157942,1.0,False
SMOTE+KNN,313.0,0.7533604100137411,1.0,False
KNNFairRankCV,354.0,0.8108826197354344,1.0,False
KNNWeighted,356.0,0.8334468048014816,1.0,False
KNNFairRankJackknife,361.0,0.8904209152438732,0.8904209152438732,False
