algorithm,statistic,p_raw,p_corrected,significant
KNNFairRank,261.0,0.07182989545928836,0.4309793727557302,False
KNNFairRankMagnitude,266.0,0.0835553091710638,0.417776545855319,False
KNNWeighted,351.0,0.5862729450395985,1.0,False
KNNFairRankCV,358.0,0.6551928301317862,1.0,False
SMOTE+KNN,364.0,0.7167319204928477,1.0,False
KNNAdaptiveTopo,311.0,0.947762712213133,0.947762712213133,False
