algorithm,statistic,p_raw,p_corrected,significant
KNNAdaptiveTopo,79.0,2.363931532256878e-05,0.0001418358919354127,True
KNNOptK,84.0,3.254270191877577e-05,0.00016271350959387885,True
KNNFairRankCV,114.0,0.014795424247745142,0.05918169699098057,False
KNNFairRankMagnitude,215.0,0.024126809941339256,0.07238042982401777,False
KNNWeighted,368.0,0.7588357955262863,1.0,False
SMOTE+KNN,376.0,0.845103323404058,0.845103323404058,False
