algorithm,statistic,p_raw,p_corrected,significant
KNNFairRankMagnitude,72.0,9.092972735319159e-06,5.455783641191495e-05,True
KNNAdaptiveTopo,39.0,2.584840238540738e-05,0.0001292420119270369,True
KNNFairRankCV,73.0,2.6511643208148734e-05,0.00010604657283259494,True
KNNWeighted,93.0,9.627024851875158e-05,0.0002888107455562548,True
SMOTE+KNN,121.0,0.0002965241648029851,0.0005930483296059702,True
KNNFairRank,142.0,0.0005384937914633668,0.0005384937914633668,True
