algorithm,statistic,p_raw,p_corrected,significant
KNNAdaptiveTopo,32.0,9.15324964393168e-07,5.491949786359008e-06,True
KNNFairRankMagnitude,48.0,1.818543694325663e-06,9.092718471628315e-06,True
KNNOptK,112.0,0.0001776556047316363,0.0007106224189265452,True
KNNFairRankCV,204.0,0.009441778439483487,0.02832533531845046,True
KNNWeighted,284.0,0.13907891310816609,0.27815782621633217,False
KNNFairRank,329.0,0.3946277869210123,0.3946277869210123,False
