algorithm,statistic,p_raw,p_corrected,significant
KNNFairRankJackknife,58.0,9.518814214842808e-06,8.566932793358527e-05,True
KNNFairRankEnsemble,109.0,0.00014923134159216078,0.0011938507327372862,True
KNNFairRankJointCV,152.0,0.000896025420880549,0.006272177946163843,True
KNNFairRankCV,135.0,0.015858179886411118,0.09514907931846671,False
SMOTE+KNN,242.0,0.062385989524110154,0.31192994762055076,False
KNNFairRankTopoJointBootstrap,300.0,0.2091341667005765,0.836536666802306,False
KNNWeighted,292.0,0.2549415403764369,0.7648246211293107,False
KNNFairRankOptVotes,318.0,0.31501250121706703,0.6300250024341341,False
KNNOptK,348.0,0.5578016554206999,0.5578016554206999,False
