algorithm,statistic,p_raw,p_corrected,significant
KNNFairRankJackknife,32.0,9.15324964393168e-07,8.237924679538511e-06,True
KNNFairRankCV,31.0,1.3194583484640857e-05,0.00010555666787712686,True
KNNFairRankJointCV,88.0,2.5043268756665798e-05,0.00017530288129666058,True
KNNFairRankTopoJointBootstrap,86.0,3.692918414104099e-05,0.00022157510484624595,True
KNNFairRankEnsemble,88.0,4.18732547726138e-05,0.00020936627386306902,True
KNNFairRankOptVotes,122.0,0.00018406459453854554,0.0007362583781541822,True
SMOTE+KNN,174.0,0.0025759033582020297,0.007727710074606089,True
KNNOptK,240.0,0.0363268713375397,0.0726537426750794,False
KNNWeighted,247.0,0.04598132483730025,0.04598132483730025,True
