algorithm,statistic,p_raw,p_corrected,significant
KNNFairRankJackknife,85.0,5.807594588253319e-05,0.0005226835129427987,True
KNNFairRankEnsemble,121.0,0.0002965241648029851,0.002372193318423881,True
KNNFairRankJointCV,136.0,0.0003932548554014972,0.0027527839878104805,True
KNNFairRankCV,125.0,0.009345420962008471,0.056072525772050824,False
SMOTE+KNN,196.0,0.011385233189649228,0.05692616594824614,False
KNNFairRankTopoJointBootstrap,266.0,0.0835553091710638,0.3342212366842552,False
KNNFairRankOptVotes,291.0,0.16711151489795728,0.5013345446938718,False
KNNWeighted,283.0,0.20445921091532349,0.40891842183064697,False
KNNOptK,361.0,0.6857017623167498,0.6857017623167498,False
