algorithm,statistic,p_raw,p_corrected,significant
KNNAdaptiveTopo,46.0,1.5825473501063853e-06,9.495284100638312e-06,True
KNNOptK,46.0,1.5825473501063853e-06,7.912736750531927e-06,True
KNNFairRankCV,280.0,0.12477160295031961,0.49908641180127844,False
KNNWeighted,297.0,0.19435098047556754,0.5830529414267026,False
KNNFairRank,371.0,0.7908977929599215,1.0,False
KNNFairRankMagnitude,390.0,1.0,1.0,False
