algorithm,statistic,p_raw,p_corrected,significant
KNNFairRankMagnitude,147.0,0.0006962171552466586,0.004177302931479951,True
KNNFairRank,188.0,0.004818709017045311,0.024093545085226556,True
KNNWeighted,242.0,0.03889087048045369,0.15556348192181477,False
KNNFairRankCV,304.0,0.23008892553214522,0.6902667765964356,False
KNNOptK,324.0,0.35703483622212195,0.7140696724442439,False
KNNAdaptiveTopo,356.0,0.6351648366048743,0.6351648366048743,False
