algorithm,statistic,p_raw,p_corrected,significant
SMOTE+KNN,48.0,1.818543694325663e-06,1.0911262165953978e-05,True
KNNWeighted,58.0,3.6030126246331043e-06,1.801506312316552e-05,True
KNNFairRankCV,66.0,1.005706115314211e-05,4.022824461256844e-05,True
KNNFairRankMagnitude,78.0,2.216200042902333e-05,6.648600128706999e-05,True
KNNFairRank,84.0,3.254270191877577e-05,6.508540383755154e-05,True
KNNAdaptiveTopo,154.0,0.26450786232203294,0.26450786232203294,False
