algorithm,statistic,p_raw,p_corrected,significant
KNNOptK,48.0,7.551732796107439e-06,6.796559516496696e-05,True
KNNWeighted,91.0,5.048159411584348e-05,0.0004038527529267478,True
KNNFairRankJackknife,260.0,0.10904476444655974,0.7633133511259181,False
KNNFairRankJointCV,236.0,0.12752725562664105,0.7651635337598464,False
KNNFairRankEnsemble,304.0,0.33484475445413353,1.0,False
KNNFairRank,322.0,0.481831196967895,1.0,False
KNNFairRankOptVotes,345.0,0.5300203787283981,1.0,False
KNNFairRankCV,352.0,0.7884744866703249,1.0,False
KNNFairRankTopoJointBootstrap,361.0,0.8904209152438732,0.8904209152438732,False
