algorithm,statistic,p_raw,p_corrected,significant
KNNAdaptiveTopo,45.0,6.049679913783825e-06,3.629807948270295e-05,True
KNNFairRankMagnitude,78.0,1.3370050908290428e-05,6.685025454145214e-05,True
KNNFairRankCV,80.0,1.5180742262039378e-05,6.072296904815751e-05,True
KNNWeighted,97.0,4.3358360720475016e-05,0.00013007508216142505,True
SMOTE+KNN,112.0,0.0001776556047316363,0.0003553112094632726,True
KNNFairRank,148.0,0.0007325188365465017,0.0007325188365465017,True
