algorithm,statistic,p_raw,p_corrected,significant
KNNFairRankOptVotes,190.0,0.005254553988643018,0.04729098589778716,True
KNNFairRank,206.0,0.017050157149096808,0.13640125719277446,False
KNNFairRankTopoJointBootstrap,231.0,0.04306619319247405,0.30146335234731836,False
KNNFairRankCV,296.0,0.2799553993478423,1.0,False
KNNFairRankJointCV,281.0,0.4139570615736867,1.0,False
KNNFairRankEnsemble,322.0,0.481831196967895,1.0,False
KNNFairRankJackknife,333.0,0.5865547889383025,1.0,False
KNNOptK,323.0,0.8751615065669858,1.0,False
KNNWeighted,361.0,0.8904209152438732,0.8904209152438732,False
