algorithm,statistic,p_raw,p_corrected,significant
KNNFairRankEnsemble,56.0,3.1472366305987267e-06,2.832512967538854e-05,True
KNNOptK,112.0,0.0001776556047316363,0.0014212448378530904,True
KNNFairRankCV,204.0,0.009441778439483487,0.06609244907638441,False
KNNFairRankJackknife,207.0,0.010656526918556173,0.06393916151133704,False
KNNWeighted,284.0,0.13907891310816609,0.6953945655408305,False
KNNFairRank,329.0,0.3946277869210123,1.0,False
KNNFairRankTopoJointBootstrap,359.0,0.6653018032860004,1.0,False
KNNFairRankOptVotes,366.0,0.7376854724154998,1.0,False
KNNFairRankJointCV,373.0,0.8124745125861977,0.8124745125861977,False
